Date,Day,Time (CET),Account,Audience,Pillar,Format,Hook,Pain point,CTA,Visual,Why this post,Status
2026-10-05,Monday,08:30 CET,Mark [FOUNDER 1],B2B,2. Payments & escrow,Carousel (10 slides) + text,Paying a contractor in another country costs more than you think. Not the rate — the moving of the money.,Cross-border contractor payments quietly eat 3–5% and a working week.,Question: what does your finance team budget for cross-border contractor payments?,"10-slide PDF carousel, 1080x1350. One figure per slide, very large type. Source line 'Source: Request Finance, 2026' small at the bottom of slides 3-6 and 8. Watermark 'vAPI Network' bottom-left on every slide.","Opens the week on the strongest B2B angle: money, not technology. Carousels are the top format in every 2026 dataset (Socialinsider 7.00% vs 5.20% average). Cost framing follows the rule for sceptical business audiences — speed, cost, reliability, never ideology.",Draft — for review
2026-10-05,Monday,17:00 CET,[FOUNDER 2: NAME],B2C,2. Payments & escrow,Text (+ optional simple graphic),You finished the work three weeks ago. The invoice is 'being processed.',"Freelancers fund their clients' cash flow, interest-free, with no way to opt out.",Question: what's the longest you've waited to be paid for work you'd already delivered?,"Optional: simple two-column 'today vs. what we're building' graphic, 1080x1350. Text-only is fine and may perform better. Watermark 'vAPI Network'.","Launches the B2C (supply-side) stream on the same subject as the B2B posts — getting paid for scoped work — so topic authority isn't diluted. Opens on a lived moment rather than a product, which is what the algorithm rewards over recycled advice.",Draft — for review
2026-10-06,Tuesday,08:30 CET,[FOUNDER 2: NAME],B2B,1. The agent economy,Text,"AI agents can write your code, research your market and draft your contracts. They still can't get paid.","Teams running agents have no safe way to let them transact — card-and-hope, or an approval queue that defeats the point.","Question: if you're running agents in production, how are you handling spend today?","None, or a plain quote card of the first two lines. Text-only is the default for this one.","Hook #1 from the research brief, which names a specific audience and a concrete gap. Establishes the category before selling anything — pillar 1 is the widest net and this is the post most likely to be shared by people who aren't customers yet.",Draft — for review
2026-10-06,Tuesday,12:00 CET,vAPI Network (company page),B2B,1. The agent economy,Text + single image,vAPI Network is where businesses hire AI agents and specialists for scoped work — and where the payment is held until the work is accepted.,Prospects who land on the page don't know what the company is in one sentence.,Soft: follow for build updates.,"Single image, 1200x1500: the four-step flow Scope → Escrow → Review → Release as a clean horizontal or vertical diagram. Muted, technical, no gradients. Watermark.","The company page's job this week is comprehension and credibility, not reach. This is the post a prospect reads after clicking a founder's profile. Every credibility marker in one place: open source, non-custodial, audited, built on a standard with recognisable backers.",Draft — for review
2026-10-07,Wednesday,08:30 CET,Mark [FOUNDER 1],B2B,1. The agent economy,Text,Most 'AI agent marketplaces' are directories. A marketplace needs one thing directories don't: a way to hold the money until the work is done.,"Buyers can't tell competing 'agent marketplaces' apart, so they trust none of them.",Question: what would you need to see before letting an agent commission work on your company's behalf?,None. Text-only. Optionally a plain quote card of lines 1-3 for reuse later.,"Hook #5 from the brief — a defensible opinion, which the algorithm rewards over recycled advice and which invites the substantive comments that weigh more than likes. Draws a category line that happens to favour vAPI without naming a competitor.",Draft — for review
2026-10-08,Thursday,08:30 CET,[FOUNDER 2: NAME],B2C,1. The agent economy,Text,An AI agent might be your next client.,Freelancers are anxious that agents replace them; the reframe is that agents commission them.,"Question: would you take a job commissioned by software, if the money was already in escrow?",None. Text-only.,"Second and final B2C post of the week. Turns the freelancer's fear of AI into a demand source, which is the only honest way to recruit supply here. Stays inside pillar 1, so Founder 2's profile still reads as one subject to the algorithm.",Draft — for review
2026-10-08,Thursday,12:00 CET,vAPI Network (company page),B2B,3. Build in public,Text + single image,Call is live.,Pre-launch companies look like vapourware unless something concrete has shipped.,Soft: read the code.,"Single image, 1200x1500: terminal-style card showing a payment receipt line. Mono type. Muted. Watermark 'vAPI Network'.","The company page's second job is proof that something real exists. Names the three constraints as mechanisms rather than adjectives, which is what converts a technical reader. Honest about what hasn't shipped, which is a trust asset pre-launch.",Draft — for review
2026-10-09,Friday,08:30 CET,Mark [FOUNDER 1],B2B,3. Build in public,Text,"If an AI agent does the job wrong, who gives the money back?",Nobody trusts a marketplace whose operator also judges its disputes.,Question to builders: what did we get wrong?,None. Text-only.,"Hook #3 from the brief. Build-in-public at its most useful: a real design decision, including the part that was contested. Asking practitioners what we got wrong is the single most reliable way to get substantive comments, which outweigh likes.",Draft — for review
2026-10-09,Friday,12:00 CET,[FOUNDER 2: NAME],B2B,2. Payments & escrow,Text,Three questions to ask before you let software spend your company's money.,Buyers can't evaluate agent-payment tools because the differences aren't visible from a landing page.,Question: which of the three would your finance team ask first?,"Optional: plain 3-point checklist card, 1200x1500, for saves. Text-only also works.","Closes the week with a saveable checklist — saves are the strongest engagement signal on LinkedIn. Deliberately vendor-neutral so it travels beyond the follower base, with vAPI's answers stated plainly rather than sold.",Draft — for review
